Environment,Seed,Step,Reward,Runtime_Hours,Runtime_seconds
AcrobotSwingup,42,0,2.561237335,0.04590428,165.2554085
AcrobotSwingup,42,6,1.927339792,0.04590428,165.2554085
AcrobotSwingup,42,13,5.060452461,0.04590428,165.2554085
AcrobotSwingup,42,20,10.39834023,0.04590428,165.2554085
AcrobotSwingup,42,26,10.02457333,0.04590428,165.2554085
AcrobotSwingup,42,33,20.1204319,0.04590428,165.2554085
AcrobotSwingup,42,40,26.44520569,0.04590428,165.2554085
AcrobotSwingup,42,46,37.72209167,0.04590428,165.2554085
AcrobotSwingup,42,53,52.03204346,0.04590428,165.2554085
AcrobotSwingup,42,60,54.65567017,0.04590428,165.2554085
PendulumSwingup,42,0,1,0.046219186,166.3890694
PendulumSwingup,42,6,1.9296875,0.046219186,166.3890694
PendulumSwingup,42,13,4.1484375,0.046219186,166.3890694
PendulumSwingup,42,20,13.0390625,0.046219186,166.3890694
PendulumSwingup,42,26,501.109375,0.046219186,166.3890694
PendulumSwingup,42,33,654.234375,0.046219186,166.3890694
PendulumSwingup,42,40,744.2265625,0.046219186,166.3890694
PendulumSwingup,42,46,674.328125,0.046219186,166.3890694
PendulumSwingup,42,53,687.1171875,0.046219186,166.3890694
PendulumSwingup,42,60,731.1796875,0.046219186,166.3890694
FingerSpin,42,0,0.40625,0.110104632,396.3766743
FingerSpin,42,6,86.1484375,0.110104632,396.3766743
FingerSpin,42,13,387.9140625,0.110104632,396.3766743
FingerSpin,42,20,515.3984375,0.110104632,396.3766743
FingerSpin,42,26,562.7109375,0.110104632,396.3766743
FingerSpin,42,33,591.953125,0.110104632,396.3766743
FingerSpin,42,40,604.4375,0.110104632,396.3766743
FingerSpin,42,46,608.7421875,0.110104632,396.3766743
FingerSpin,42,53,604.3046875,0.110104632,396.3766743
FingerSpin,42,60,589.0546875,0.110104632,396.3766743
WalkerRun,42,0,23.64693451,0.169750155,611.1005585
WalkerRun,42,6,87.49180603,0.169750155,611.1005585
WalkerRun,42,13,238.0926666,0.169750155,611.1005585
WalkerRun,42,20,474.6854248,0.169750155,611.1005585
WalkerRun,42,26,541.4663696,0.169750155,611.1005585
WalkerRun,42,33,538.720459,0.169750155,611.1005585
WalkerRun,42,40,548.8658447,0.169750155,611.1005585
WalkerRun,42,46,570.6680908,0.169750155,611.1005585
WalkerRun,42,53,529.9833984,0.169750155,611.1005585
WalkerRun,42,60,561.8446045,0.169750155,611.1005585
HopperHop,42,0,0.004162434,0.149800703,539.28253
HopperHop,42,6,0.846065044,0.149800703,539.28253
HopperHop,42,13,0.69682014,0.149800703,539.28253
HopperHop,42,20,12.99084091,0.149800703,539.28253
HopperHop,42,26,36.15411377,0.149800703,539.28253
HopperHop,42,33,58.74227142,0.149800703,539.28253
HopperHop,42,40,57.24494171,0.149800703,539.28253
HopperHop,42,46,60.39391327,0.149800703,539.28253
HopperHop,42,53,63.84854889,0.149800703,539.28253
HopperHop,42,60,78.12120056,0.149800703,539.28253
WalkerStand,42,0,132.8550415,0.146472451,527.3008251
WalkerStand,42,6,449.6794128,0.146472451,527.3008251
WalkerStand,42,13,928.4588623,0.146472451,527.3008251
WalkerStand,42,20,959.4361572,0.146472451,527.3008251
WalkerStand,42,26,931.8190918,0.146472451,527.3008251
WalkerStand,42,33,939.4334717,0.146472451,527.3008251
WalkerStand,42,40,939.541748,0.146472451,527.3008251
WalkerStand,42,46,942.1660156,0.146472451,527.3008251
HopperStand,42,0,0.856898904,0.147043999,529.3583972
HopperStand,42,6,6.557285309,0.147043999,529.3583972
HopperStand,42,13,4.694968224,0.147043999,529.3583972
HopperStand,42,20,7.463487148,0.147043999,529.3583972
HopperStand,42,26,39.0461235,0.147043999,529.3583972
HopperStand,42,33,47.56230164,0.147043999,529.3583972
HopperStand,42,40,63.15203857,0.147043999,529.3583972
HopperStand,42,46,132.9222412,0.147043999,529.3583972
HopperStand,42,53,0,0.147043999,529.3583972
HopperStand,42,60,0,0.147043999,529.3583972
FishSwim,42,0,71.7013855,0.139746823,503.0885638
FishSwim,42,6,120.1711121,0.139746823,503.0885638
FishSwim,42,13,212.2255249,0.139746823,503.0885638
FishSwim,42,20,409.4201965,0.139746823,503.0885638
FishSwim,42,26,535.7435303,0.139746823,503.0885638
FishSwim,42,33,553.1170044,0.139746823,503.0885638
FishSwim,42,40,583.4127197,0.139746823,503.0885638
FishSwim,42,46,618.3265381,0.139746823,503.0885638
FishSwim,42,53,517.8560181,0.139746823,503.0885638
FishSwim,42,60,636.7564697,0.139746823,503.0885638
CheetahRun,42,0,3.471764088,0.094474933,340.1097575
CheetahRun,42,6,252.2892456,0.094474933,340.1097575
CheetahRun,42,13,582.6505737,0.094474933,340.1097575
CheetahRun,42,20,741.1550293,0.094474933,340.1097575
CheetahRun,42,26,804.2782593,0.094474933,340.1097575
CheetahRun,42,33,850.3571167,0.094474933,340.1097575
CheetahRun,42,40,874.760376,0.094474933,340.1097575
CheetahRun,42,46,890.9587402,0.094474933,340.1097575
CheetahRun,42,53,866.053894,0.094474933,340.1097575
CheetahRun,42,60,885.8709717,0.094474933,340.1097575
CartpoleSwingupSparse,42,0,0,0.048910061,176.0762201
CartpoleSwingupSparse,42,6,0,0.048910061,176.0762201
CartpoleSwingupSparse,42,13,3.9765625,0.048910061,176.0762201
CartpoleSwingupSparse,42,20,24.234375,0.048910061,176.0762201
CartpoleSwingupSparse,42,26,4.3984375,0.048910061,176.0762201
CartpoleSwingupSparse,42,33,15.5390625,0.048910061,176.0762201
CartpoleSwingupSparse,42,40,23.28125,0.048910061,176.0762201
CartpoleSwingupSparse,42,46,11.875,0.048910061,176.0762201
CartpoleSwingupSparse,42,53,1.4140625,0.048910061,176.0762201
CartpoleSwingupSparse,42,60,2,0.048910061,176.0762201
AcrobotSwingupSparse,42,0,0.0703125,0.048632632,175.0774738
AcrobotSwingupSparse,42,6,0,0.048632632,175.0774738
AcrobotSwingupSparse,42,13,0,0.048632632,175.0774738
AcrobotSwingupSparse,42,20,0.4765625,0.048632632,175.0774738
AcrobotSwingupSparse,42,26,0,0.048632632,175.0774738
AcrobotSwingupSparse,42,33,0.1796875,0.048632632,175.0774738
AcrobotSwingupSparse,42,40,0.1640625,0.048632632,175.0774738
AcrobotSwingupSparse,42,46,0.3984375,0.048632632,175.0774738
AcrobotSwingupSparse,42,53,0.3203125,0.048632632,175.0774738
AcrobotSwingupSparse,42,60,0.328125,0.048632632,175.0774738
WalkerWalk,42,0,33.54547882,0.168132157,605.2757668
WalkerWalk,42,6,277.1481934,0.168132157,605.2757668
WalkerWalk,42,13,603.7075195,0.168132157,605.2757668
WalkerWalk,42,20,925.2167969,0.168132157,605.2757668
WalkerWalk,42,26,959.80896,0.168132157,605.2757668
WalkerWalk,42,33,914.8000488,0.168132157,605.2757668
WalkerWalk,42,40,909.5657349,0.168132157,605.2757668
WalkerWalk,42,46,923.9370117,0.168132157,605.2757668
WalkerWalk,42,53,901.1221313,0.168132157,605.2757668
WalkerWalk,42,60,876.8743286,0.168132157,605.2757668
FingerSpin,43,0,0.234375,0.110657001,398.3652048
FingerSpin,43,6,62.828125,0.110657001,398.3652048
FingerSpin,43,13,357.71875,0.110657001,398.3652048
FingerSpin,43,20,547.59375,0.110657001,398.3652048
FingerSpin,43,26,750.1171875,0.110657001,398.3652048
FingerSpin,43,33,866.7734375,0.110657001,398.3652048
FingerSpin,43,40,931.4609375,0.110657001,398.3652048
FingerSpin,43,46,938.8359375,0.110657001,398.3652048
FingerSpin,43,53,947.2578125,0.110657001,398.3652048
FingerSpin,43,60,901.0546875,0.110657001,398.3652048
PendulumSwingup,43,0,0.8984375,0.045854706,165.0769398
PendulumSwingup,43,6,0.6875,0.045854706,165.0769398
PendulumSwingup,43,13,0.9140625,0.045854706,165.0769398
PendulumSwingup,43,20,29.0703125,0.045854706,165.0769398
PendulumSwingup,43,26,51.8046875,0.045854706,165.0769398
PendulumSwingup,43,33,457.5390625,0.045854706,165.0769398
PendulumSwingup,43,40,623.9140625,0.045854706,165.0769398
PendulumSwingup,43,46,522.34375,0.045854706,165.0769398
PendulumSwingup,43,53,61.03125,0.045854706,165.0769398
PendulumSwingup,43,60,43.890625,0.045854706,165.0769398
AcrobotSwingup,43,0,3.721288204,0.045578115,164.0812148
AcrobotSwingup,43,6,4.874207497,0.045578115,164.0812148
AcrobotSwingup,43,13,4.572010994,0.045578115,164.0812148
AcrobotSwingup,43,20,8.809984207,0.045578115,164.0812148
AcrobotSwingup,43,26,13.13345146,0.045578115,164.0812148
AcrobotSwingup,43,33,12.62313843,0.045578115,164.0812148
AcrobotSwingup,43,40,23.01686478,0.045578115,164.0812148
AcrobotSwingup,43,46,31.65738106,0.045578115,164.0812148
AcrobotSwingup,43,53,37.89870453,0.045578115,164.0812148
AcrobotSwingup,43,60,44.97206116,0.045578115,164.0812148
CartpoleSwingupSparse,43,0,0,0.051466028,185.2777025
CartpoleSwingupSparse,43,6,0,0.051466028,185.2777025
CartpoleSwingupSparse,43,13,0,0.051466028,185.2777025
CartpoleSwingupSparse,43,20,0.234375,0.051466028,185.2777025
CartpoleSwingupSparse,43,26,8.828125,0.051466028,185.2777025
CartpoleSwingupSparse,43,33,31.609375,0.051466028,185.2777025
CartpoleSwingupSparse,43,40,72.8828125,0.051466028,185.2777025
CartpoleSwingupSparse,43,46,23.3359375,0.051466028,185.2777025
CartpoleSwingupSparse,43,53,7.6875,0.051466028,185.2777025
CartpoleSwingupSparse,43,60,7.3359375,0.051466028,185.2777025
AcrobotSwingupSparse,43,0,0,0.048109925,173.1957306
AcrobotSwingupSparse,43,6,0.453125,0.048109925,173.1957306
AcrobotSwingupSparse,43,13,0.34375,0.048109925,173.1957306
AcrobotSwingupSparse,43,20,0.140625,0.048109925,173.1957306
AcrobotSwingupSparse,43,26,0.2109375,0.048109925,173.1957306
AcrobotSwingupSparse,43,33,0,0.048109925,173.1957306
AcrobotSwingupSparse,43,40,0.28125,0.048109925,173.1957306
AcrobotSwingupSparse,43,46,0,0.048109925,173.1957306
AcrobotSwingupSparse,43,53,0,0.048109925,173.1957306
AcrobotSwingupSparse,43,60,0.84375,0.048109925,173.1957306
CheetahRun,43,0,3.853992939,0.091143389,328.1162003
CheetahRun,43,6,244.6243591,0.091143389,328.1162003
CheetahRun,43,13,546.7710571,0.091143389,328.1162003
CheetahRun,43,20,707.7488403,0.091143389,328.1162003
CheetahRun,43,26,722.1082764,0.091143389,328.1162003
CheetahRun,43,33,787.8668213,0.091143389,328.1162003
CheetahRun,43,40,836.2566528,0.091143389,328.1162003
CheetahRun,43,46,837.385498,0.091143389,328.1162003
CheetahRun,43,53,867.2487793,0.091143389,328.1162003
CheetahRun,43,60,877.5632324,0.091143389,328.1162003
FishSwim,43,0,68.06861877,0.138136461,497.2912611
FishSwim,43,6,116.9352112,0.138136461,497.2912611
FishSwim,43,13,212.0898743,0.138136461,497.2912611
FishSwim,43,20,382.3024292,0.138136461,497.2912611
FishSwim,43,26,376.5545654,0.138136461,497.2912611
FishSwim,43,33,466.0687561,0.138136461,497.2912611
FishSwim,43,40,546.8132935,0.138136461,497.2912611
FishSwim,43,46,547.3425293,0.138136461,497.2912611
FishSwim,43,53,554.6620483,0.138136461,497.2912611
FishSwim,43,60,558.8939209,0.138136461,497.2912611
HopperHop,43,0,0.05672358,0.147042674,529.3536258
HopperHop,43,6,0.005357649,0.147042674,529.3536258
HopperHop,43,13,0.003995168,0.147042674,529.3536258
HopperHop,43,20,0.004861183,0.147042674,529.3536258
HopperHop,43,26,0.001586065,0.147042674,529.3536258
HopperHop,43,33,0.008785898,0.147042674,529.3536258
HopperHop,43,40,0.003237831,0.147042674,529.3536258
HopperHop,43,46,0.003776878,0.147042674,529.3536258
HopperHop,43,53,0.005787815,0.147042674,529.3536258
HopperHop,43,60,0.011005383,0.147042674,529.3536258
HopperStand,43,0,3.045091629,0.146758497,528.3305874
HopperStand,43,6,5.644569397,0.146758497,528.3305874
HopperStand,43,13,4.660475254,0.146758497,528.3305874
HopperStand,43,20,52.68888092,0.146758497,528.3305874
HopperStand,43,26,138.6794739,0.146758497,528.3305874
HopperStand,43,33,188.0343323,0.146758497,528.3305874
HopperStand,43,40,266.7833252,0.146758497,528.3305874
HopperStand,43,46,272.3024292,0.146758497,528.3305874
HopperStand,43,53,325.4315186,0.146758497,528.3305874
HopperStand,43,60,474.1919556,0.146758497,528.3305874
WalkerStand,43,0,135.6062012,0.166687483,600.0749388
WalkerStand,43,6,375.058197,0.166687483,600.0749388
WalkerStand,43,13,573.0460815,0.166687483,600.0749388
WalkerStand,43,20,753.2087402,0.166687483,600.0749388
WalkerStand,43,26,942.9005127,0.166687483,600.0749388
WalkerStand,43,33,924.4189453,0.166687483,600.0749388
WalkerStand,43,40,938.6401367,0.166687483,600.0749388
WalkerStand,43,46,950.0274658,0.166687483,600.0749388
WalkerStand,43,53,869.0969238,0.166687483,600.0749388
WalkerStand,43,60,930.6312256,0.166687483,600.0749388
WalkerRun,43,0,24.13074493,0.170026133,612.0940781
WalkerRun,43,6,74.43702698,0.170026133,612.0940781
WalkerRun,43,13,144.2396088,0.170026133,612.0940781
WalkerRun,43,20,219.9786377,0.170026133,612.0940781
WalkerRun,43,26,392.3533936,0.170026133,612.0940781
WalkerRun,43,33,522.539856,0.170026133,612.0940781
WalkerRun,43,40,561.8512573,0.170026133,612.0940781
WalkerRun,43,46,611.9503174,0.170026133,612.0940781
WalkerRun,43,53,645.2850342,0.170026133,612.0940781
WalkerRun,43,60,642.5908203,0.170026133,612.0940781
WalkerWalk,43,0,33.7306366,0.172244769,620.0811678
WalkerWalk,43,6,196.2704163,0.172244769,620.0811678
WalkerWalk,43,13,468.7466431,0.172244769,620.0811678
WalkerWalk,43,20,845.128418,0.172244769,620.0811678
WalkerWalk,43,26,936.5270996,0.172244769,620.0811678
WalkerWalk,43,33,937.6113892,0.172244769,620.0811678
WalkerWalk,43,40,931.560791,0.172244769,620.0811678
WalkerWalk,43,46,931.1930542,0.172244769,620.0811678
WalkerWalk,43,53,853.7429199,0.172244769,620.0811678
WalkerWalk,43,60,837.6072388,0.172244769,620.0811678
FingerSpin,44,0,0.171875,0.109541404,394.3490546
FingerSpin,44,6,63.53125,0.109541404,394.3490546
FingerSpin,44,13,360.7109375,0.109541404,394.3490546
FingerSpin,44,20,522.3984375,0.109541404,394.3490546
FingerSpin,44,26,732.34375,0.109541404,394.3490546
FingerSpin,44,33,868.2890625,0.109541404,394.3490546
FingerSpin,44,40,890.1015625,0.109541404,394.3490546
FingerSpin,44,46,913.1484375,0.109541404,394.3490546
FingerSpin,44,53,915.875,0.109541404,394.3490546
FingerSpin,44,60,856.8046875,0.109541404,394.3490546
AcrobotSwingup,44,0,2.372423649,0.045586724,164.1122053
AcrobotSwingup,44,6,3.887156248,0.045586724,164.1122053
AcrobotSwingup,44,13,5.861801147,0.045586724,164.1122053
AcrobotSwingup,44,20,8.685529709,0.045586724,164.1122053
AcrobotSwingup,44,26,10.14289665,0.045586724,164.1122053
AcrobotSwingup,44,33,8.335632324,0.045586724,164.1122053
AcrobotSwingup,44,40,17.85518646,0.045586724,164.1122053
AcrobotSwingup,44,46,21.67630577,0.045586724,164.1122053
AcrobotSwingup,44,53,26.59957886,0.045586724,164.1122053
AcrobotSwingup,44,60,38.43323517,0.045586724,164.1122053
PendulumSwingup,44,0,0.203125,0.045576569,164.0756481
PendulumSwingup,44,6,0.8515625,0.045576569,164.0756481
PendulumSwingup,44,13,11.578125,0.045576569,164.0756481
PendulumSwingup,44,20,6.4609375,0.045576569,164.0756481
PendulumSwingup,44,26,8.1171875,0.045576569,164.0756481
PendulumSwingup,44,33,39.71875,0.045576569,164.0756481
PendulumSwingup,44,40,48.046875,0.045576569,164.0756481
PendulumSwingup,44,46,51.4375,0.045576569,164.0756481
PendulumSwingup,44,53,51.2265625,0.045576569,164.0756481
PendulumSwingup,44,60,51.640625,0.045576569,164.0756481
CartpoleSwingupSparse,44,0,0,0.047801481,172.0853315
CartpoleSwingupSparse,44,6,0.3515625,0.047801481,172.0853315
CartpoleSwingupSparse,44,13,27.78125,0.047801481,172.0853315
CartpoleSwingupSparse,44,20,29.8203125,0.047801481,172.0853315
CartpoleSwingupSparse,44,26,4.4765625,0.047801481,172.0853315
CartpoleSwingupSparse,44,33,2.953125,0.047801481,172.0853315
CartpoleSwingupSparse,44,40,10.46875,0.047801481,172.0853315
CartpoleSwingupSparse,44,46,5.59375,0.047801481,172.0853315
CartpoleSwingupSparse,44,53,0,0.047801481,172.0853315
CartpoleSwingupSparse,44,60,0,0.047801481,172.0853315
AcrobotSwingupSparse,44,0,0.15625,0.047806123,172.1020422
AcrobotSwingupSparse,44,6,0.5703125,0.047806123,172.1020422
AcrobotSwingupSparse,44,13,0,0.047806123,172.1020422
AcrobotSwingupSparse,44,20,0.140625,0.047806123,172.1020422
AcrobotSwingupSparse,44,26,0.1640625,0.047806123,172.1020422
AcrobotSwingupSparse,44,33,0,0.047806123,172.1020422
AcrobotSwingupSparse,44,40,0.125,0.047806123,172.1020422
AcrobotSwingupSparse,44,46,0.3359375,0.047806123,172.1020422
AcrobotSwingupSparse,44,53,0.1015625,0.047806123,172.1020422
AcrobotSwingupSparse,44,60,0.4921875,0.047806123,172.1020422
CheetahRun,44,0,3.909580946,0.090302303,325.0882905
CheetahRun,44,6,261.183075,0.090302303,325.0882905
CheetahRun,44,13,595.1504517,0.090302303,325.0882905
CheetahRun,44,20,730.9233398,0.090302303,325.0882905
CheetahRun,44,26,838.4292603,0.090302303,325.0882905
CheetahRun,44,33,859.2579346,0.090302303,325.0882905
CheetahRun,44,40,887.1962891,0.090302303,325.0882905
CheetahRun,44,46,899.4528809,0.090302303,325.0882905
CheetahRun,44,53,701.8980103,0.090302303,325.0882905
CheetahRun,44,60,879.1434326,0.090302303,325.0882905
FishSwim,44,0,65.4723053,0.137890815,496.4069333
FishSwim,44,6,112.9984589,0.137890815,496.4069333
FishSwim,44,13,288.8276367,0.137890815,496.4069333
FishSwim,44,20,469.4971313,0.137890815,496.4069333
FishSwim,44,26,573.0442505,0.137890815,496.4069333
FishSwim,44,33,547.4672241,0.137890815,496.4069333
FishSwim,44,40,594.1202393,0.137890815,496.4069333
FishSwim,44,46,599.1049194,0.137890815,496.4069333
FishSwim,44,53,553.2974243,0.137890815,496.4069333
FishSwim,44,60,603.5766602,0.137890815,496.4069333
HopperHop,44,0,0.027679138,0.147021723,529.2782037
HopperHop,44,6,0.204810768,0.147021723,529.2782037
HopperHop,44,13,22.09131241,0.147021723,529.2782037
HopperHop,44,20,31.98828506,0.147021723,529.2782037
HopperHop,44,26,49.26950836,0.147021723,529.2782037
HopperHop,44,33,79.54837036,0.147021723,529.2782037
HopperHop,44,40,86.48709869,0.147021723,529.2782037
HopperHop,44,46,98.7250824,0.147021723,529.2782037
HopperHop,44,53,128.531662,0.147021723,529.2782037
HopperHop,44,60,110.7277222,0.147021723,529.2782037
HopperStand,44,0,1.778241515,0.147245096,530.0823464
HopperStand,44,6,5.541698933,0.147245096,530.0823464
HopperStand,44,13,7.60658741,0.147245096,530.0823464
HopperStand,44,20,41.13857651,0.147245096,530.0823464
HopperStand,44,26,75.77020264,0.147245096,530.0823464
HopperStand,44,33,118.2728958,0.147245096,530.0823464
HopperStand,44,40,160.5484161,0.147245096,530.0823464
HopperStand,44,46,195.3144226,0.147245096,530.0823464
HopperStand,44,53,168.3563538,0.147245096,530.0823464
HopperStand,44,60,216.160614,0.147245096,530.0823464
WalkerStand,44,0,129.6521912,0.145586977,524.1131167
WalkerStand,44,6,329.3618774,0.145586977,524.1131167
WalkerStand,44,13,671.762207,0.145586977,524.1131167
WalkerStand,44,20,892.0107422,0.145586977,524.1131167
WalkerStand,44,26,930.84021,0.145586977,524.1131167
WalkerStand,44,33,920.7426758,0.145586977,524.1131167
WalkerStand,44,40,938.559082,0.145586977,524.1131167
WalkerStand,44,46,932.6103516,0.145586977,524.1131167
WalkerRun,44,0,23.11509323,0.167866518,604.3194656
WalkerRun,44,6,62.15098572,0.167866518,604.3194656
WalkerRun,44,13,149.2550049,0.167866518,604.3194656
WalkerRun,44,20,358.7977905,0.167866518,604.3194656
WalkerRun,44,26,481.2102051,0.167866518,604.3194656
WalkerRun,44,33,529.3215332,0.167866518,604.3194656
WalkerRun,44,40,559.7671509,0.167866518,604.3194656
WalkerRun,44,46,578.4370728,0.167866518,604.3194656
WalkerRun,44,53,567.1021118,0.167866518,604.3194656
WalkerRun,44,60,588.0974121,0.167866518,604.3194656
WalkerWalk,44,0,33.67284393,0.169263055,609.3469965
WalkerWalk,44,6,218.5202637,0.169263055,609.3469965
WalkerWalk,44,13,508.8638306,0.169263055,609.3469965
WalkerWalk,44,20,769.3731689,0.169263055,609.3469965
WalkerWalk,44,26,937.104187,0.169263055,609.3469965
WalkerWalk,44,33,792.6681519,0.169263055,609.3469965
WalkerWalk,44,40,930.1484375,0.169263055,609.3469965
WalkerWalk,44,46,930.4013672,0.169263055,609.3469965
WalkerWalk,44,53,870.2424316,0.169263055,609.3469965
WalkerWalk,44,60,881.2167969,0.169263055,609.3469965
FingerSpin,45,0,0.4921875,0.109528753,394.3035106
FingerSpin,45,6,74.0546875,0.109528753,394.3035106
FingerSpin,45,13,368.234375,0.109528753,394.3035106
FingerSpin,45,20,503.0078125,0.109528753,394.3035106
FingerSpin,45,26,591.671875,0.109528753,394.3035106
FingerSpin,45,33,811.1953125,0.109528753,394.3035106
FingerSpin,45,40,886.7734375,0.109528753,394.3035106
FingerSpin,45,46,900.625,0.109528753,394.3035106
FingerSpin,45,53,902.7734375,0.109528753,394.3035106
FingerSpin,45,60,903.921875,0.109528753,394.3035106
AcrobotSwingup,45,0,2.877802849,0.045300828,163.0829821
AcrobotSwingup,45,6,3.798825502,0.045300828,163.0829821
AcrobotSwingup,45,13,7.654815674,0.045300828,163.0829821
AcrobotSwingup,45,20,5.01265955,0.045300828,163.0829821
AcrobotSwingup,45,26,9.649576187,0.045300828,163.0829821
AcrobotSwingup,45,33,15.59420204,0.045300828,163.0829821
AcrobotSwingup,45,40,21.93618584,0.045300828,163.0829821
AcrobotSwingup,45,46,20.54021263,0.045300828,163.0829821
AcrobotSwingup,45,53,37.52500916,0.045300828,163.0829821
AcrobotSwingup,45,60,58.36598206,0.045300828,163.0829821
PendulumSwingup,45,0,0.4296875,0.049743928,179.0781403
PendulumSwingup,45,6,0.296875,0.049743928,179.0781403
PendulumSwingup,45,13,4.8671875,0.049743928,179.0781403
PendulumSwingup,45,20,9.8671875,0.049743928,179.0781403
PendulumSwingup,45,26,8.4140625,0.049743928,179.0781403
PendulumSwingup,45,33,14.2265625,0.049743928,179.0781403
PendulumSwingup,45,40,36.828125,0.049743928,179.0781403
PendulumSwingup,45,46,44.5390625,0.049743928,179.0781403
PendulumSwingup,45,53,51.6328125,0.049743928,179.0781403
PendulumSwingup,45,60,53.6953125,0.049743928,179.0781403
CartpoleSwingupSparse,45,0,0,0.048354854,174.0774733
CartpoleSwingupSparse,45,6,0.4140625,0.048354854,174.0774733
CartpoleSwingupSparse,45,13,30.2421875,0.048354854,174.0774733
CartpoleSwingupSparse,45,20,42.9609375,0.048354854,174.0774733
CartpoleSwingupSparse,45,26,4.3359375,0.048354854,174.0774733
CartpoleSwingupSparse,45,33,0,0.048354854,174.0774733
CartpoleSwingupSparse,45,40,0,0.048354854,174.0774733
CartpoleSwingupSparse,45,46,0,0.048354854,174.0774733
CartpoleSwingupSparse,45,53,0,0.048354854,174.0774733
CartpoleSwingupSparse,45,60,0,0.048354854,174.0774733
AcrobotSwingupSparse,45,0,0.0625,0.047802021,172.0872741
AcrobotSwingupSparse,45,6,0.140625,0.047802021,172.0872741
AcrobotSwingupSparse,45,13,0.109375,0.047802021,172.0872741
AcrobotSwingupSparse,45,20,0.1875,0.047802021,172.0872741
AcrobotSwingupSparse,45,26,0.078125,0.047802021,172.0872741
AcrobotSwingupSparse,45,33,0.390625,0.047802021,172.0872741
AcrobotSwingupSparse,45,40,0.390625,0.047802021,172.0872741
AcrobotSwingupSparse,45,46,0.0625,0.047802021,172.0872741
AcrobotSwingupSparse,45,53,0.265625,0.047802021,172.0872741
AcrobotSwingupSparse,45,60,0.21875,0.047802021,172.0872741
CheetahRun,45,0,3.669274092,0.094245232,339.2828358
CheetahRun,45,6,256.930542,0.094245232,339.2828358
CheetahRun,45,13,560.4897461,0.094245232,339.2828358
CheetahRun,45,20,736.9943237,0.094245232,339.2828358
CheetahRun,45,26,761.7382202,0.094245232,339.2828358
CheetahRun,45,33,852.4295654,0.094245232,339.2828358
CheetahRun,45,40,876.5784912,0.094245232,339.2828358
CheetahRun,45,46,852.1149902,0.094245232,339.2828358
CheetahRun,45,53,834.4682617,0.094245232,339.2828358
CheetahRun,45,60,887.8894653,0.094245232,339.2828358
FishSwim,45,0,67.04277039,0.138425146,498.330526
FishSwim,45,6,111.7731018,0.138425146,498.330526
FishSwim,45,13,206.6726379,0.138425146,498.330526
FishSwim,45,20,360.2294312,0.138425146,498.330526
FishSwim,45,26,456.6334839,0.138425146,498.330526
FishSwim,45,33,538.1447754,0.138425146,498.330526
FishSwim,45,40,594.0266724,0.138425146,498.330526
FishSwim,45,46,633.7550049,0.138425146,498.330526
FishSwim,45,53,573.9022217,0.138425146,498.330526
FishSwim,45,60,576.6037598,0.138425146,498.330526
HopperHop,45,0,0.088151157,0.147802593,532.0893336
HopperHop,45,6,0.900131464,0.147802593,532.0893336
HopperHop,45,13,0.921837807,0.147802593,532.0893336
HopperHop,45,20,0.586225986,0.147802593,532.0893336
HopperHop,45,26,1.000792623,0.147802593,532.0893336
HopperHop,45,33,0.66691041,0.147802593,532.0893336
HopperHop,45,40,0.491057277,0.147802593,532.0893336
HopperHop,45,46,0.855456352,0.147802593,532.0893336
HopperHop,45,53,3.17E-05,0.147802593,532.0893336
HopperHop,45,60,0.000411325,0.147802593,532.0893336
HopperStand,45,0,2.071371078,0.146762032,528.3433151
HopperStand,45,6,5.411986351,0.146762032,528.3433151
HopperStand,45,13,5.430060387,0.146762032,528.3433151
HopperStand,45,20,4.449753761,0.146762032,528.3433151
HopperStand,45,26,4.785254955,0.146762032,528.3433151
HopperStand,45,33,4.426149368,0.146762032,528.3433151
HopperStand,45,40,0,0.146762032,528.3433151
HopperStand,45,46,0,0.146762032,528.3433151
HopperStand,45,53,0,0.146762032,528.3433151
HopperStand,45,60,0,0.146762032,528.3433151
WalkerRun,45,0,23.41443634,0.170023465,612.0844742
WalkerRun,45,6,66.02984619,0.170023465,612.0844742
WalkerRun,45,13,185.2116547,0.170023465,612.0844742
WalkerRun,45,20,364.2332764,0.170023465,612.0844742
WalkerRun,45,26,530.677124,0.170023465,612.0844742
WalkerRun,45,33,381.3948975,0.170023465,612.0844742
WalkerRun,45,40,622.2490234,0.170023465,612.0844742
WalkerRun,45,46,641.630127,0.170023465,612.0844742
WalkerRun,45,53,610.1019287,0.170023465,612.0844742
WalkerRun,45,60,648.4334717,0.170023465,612.0844742
WalkerStand,45,0,131.4195862,0.134560813,484.4189277
WalkerStand,45,6,327.4602966,0.134560813,484.4189277
WalkerStand,45,13,458.0856934,0.134560813,484.4189277
WalkerStand,45,20,933.0437012,0.134560813,484.4189277
WalkerStand,45,26,944.5531006,0.134560813,484.4189277
WalkerStand,45,33,921.8355713,0.134560813,484.4189277
WalkerStand,45,40,934.5653076,0.134560813,484.4189277
WalkerWalk,45,0,33.99571228,0.169464362,610.0717014
WalkerWalk,45,6,223.7472076,0.169464362,610.0717014
WalkerWalk,45,13,514.4825439,0.169464362,610.0717014
WalkerWalk,45,20,720.1063232,0.169464362,610.0717014
WalkerWalk,45,26,944.2814331,0.169464362,610.0717014
WalkerWalk,45,33,941.7813721,0.169464362,610.0717014
WalkerWalk,45,40,927.9283447,0.169464362,610.0717014
WalkerWalk,45,46,937.2978516,0.169464362,610.0717014
WalkerWalk,45,53,927.7396851,0.169464362,610.0717014
WalkerWalk,45,60,493.977478,0.169464362,610.0717014
FingerSpin,46,0,0.2265625,0.109517212,394.2619619
FingerSpin,46,6,66.484375,0.109517212,394.2619619
FingerSpin,46,13,362.34375,0.109517212,394.2619619
FingerSpin,46,20,513.7265625,0.109517212,394.2619619
FingerSpin,46,26,566.7265625,0.109517212,394.2619619
FingerSpin,46,33,591.90625,0.109517212,394.2619619
FingerSpin,46,40,594.375,0.109517212,394.2619619
FingerSpin,46,46,595.6015625,0.109517212,394.2619619
FingerSpin,46,53,595.5,0.109517212,394.2619619
FingerSpin,46,60,587.0234375,0.109517212,394.2619619
AcrobotSwingup,46,0,1.130841374,0.050029344,180.1056384
AcrobotSwingup,46,6,1.891887665,0.050029344,180.1056384
AcrobotSwingup,46,13,5.122765541,0.050029344,180.1056384
AcrobotSwingup,46,20,7.758358955,0.050029344,180.1056384
AcrobotSwingup,46,26,11.86077023,0.050029344,180.1056384
AcrobotSwingup,46,33,12.57639313,0.050029344,180.1056384
AcrobotSwingup,46,40,19.34798813,0.050029344,180.1056384
AcrobotSwingup,46,46,17.61097336,0.050029344,180.1056384
AcrobotSwingup,46,53,29.89880943,0.050029344,180.1056384
AcrobotSwingup,46,60,39.68160248,0.050029344,180.1056384
PendulumSwingup,46,0,0.5234375,0.045856281,165.0826127
PendulumSwingup,46,6,0.8671875,0.045856281,165.0826127
PendulumSwingup,46,13,8.5625,0.045856281,165.0826127
PendulumSwingup,46,20,4.4765625,0.045856281,165.0826127
PendulumSwingup,46,26,4.7734375,0.045856281,165.0826127
PendulumSwingup,46,33,3.6171875,0.045856281,165.0826127
PendulumSwingup,46,40,4.0625,0.045856281,165.0826127
PendulumSwingup,46,46,4.609375,0.045856281,165.0826127
PendulumSwingup,46,53,0,0.045856281,165.0826127
PendulumSwingup,46,60,0,0.045856281,165.0826127
CartpoleSwingupSparse,46,0,0,0.051482365,185.3365154
CartpoleSwingupSparse,46,6,0.5078125,0.051482365,185.3365154
CartpoleSwingupSparse,46,13,22.8671875,0.051482365,185.3365154
CartpoleSwingupSparse,46,20,64.2578125,0.051482365,185.3365154
CartpoleSwingupSparse,46,26,3.703125,0.051482365,185.3365154
CartpoleSwingupSparse,46,33,1.1796875,0.051482365,185.3365154
CartpoleSwingupSparse,46,40,0.4296875,0.051482365,185.3365154
CartpoleSwingupSparse,46,46,1.6328125,0.051482365,185.3365154
CartpoleSwingupSparse,46,53,0,0.051482365,185.3365154
CartpoleSwingupSparse,46,60,0,0.051482365,185.3365154
AcrobotSwingupSparse,46,0,0.125,0.047802299,172.0882768
AcrobotSwingupSparse,46,6,0,0.047802299,172.0882768
AcrobotSwingupSparse,46,13,0.125,0.047802299,172.0882768
AcrobotSwingupSparse,46,20,0.1484375,0.047802299,172.0882768
AcrobotSwingupSparse,46,26,0,0.047802299,172.0882768
AcrobotSwingupSparse,46,33,0.734375,0.047802299,172.0882768
AcrobotSwingupSparse,46,40,0.171875,0.047802299,172.0882768
AcrobotSwingupSparse,46,46,0.046875,0.047802299,172.0882768
AcrobotSwingupSparse,46,53,0.3046875,0.047802299,172.0882768
AcrobotSwingupSparse,46,60,0.1796875,0.047802299,172.0882768
CheetahRun,46,0,3.761283398,0.090301559,325.0856137
CheetahRun,46,6,238.6443787,0.090301559,325.0856137
CheetahRun,46,13,569.5784912,0.090301559,325.0856137
CheetahRun,46,20,773.0228882,0.090301559,325.0856137
CheetahRun,46,26,802.9721069,0.090301559,325.0856137
CheetahRun,46,33,862.538208,0.090301559,325.0856137
CheetahRun,46,40,878.5732422,0.090301559,325.0856137
CheetahRun,46,46,887.3751831,0.090301559,325.0856137
CheetahRun,46,53,897.6604004,0.090301559,325.0856137
CheetahRun,46,60,898.2229004,0.090301559,325.0856137
FishSwim,46,0,66.58854675,0.138416922,498.3009196
FishSwim,46,6,119.0280304,0.138416922,498.3009196
FishSwim,46,13,289.9849854,0.138416922,498.3009196
FishSwim,46,20,466.375885,0.138416922,498.3009196
FishSwim,46,26,579.4051514,0.138416922,498.3009196
FishSwim,46,33,534.9249268,0.138416922,498.3009196
FishSwim,46,40,561.0500488,0.138416922,498.3009196
FishSwim,46,46,603.7043457,0.138416922,498.3009196
FishSwim,46,53,538.9524536,0.138416922,498.3009196
FishSwim,46,60,516.1668091,0.138416922,498.3009196
HopperHop,47,0,0.090863988,0.145039929,522.1437458
HopperHop,47,6,0.039515011,0.145039929,522.1437458
HopperHop,47,13,0.870091796,0.145039929,522.1437458
HopperHop,47,20,5.685575962,0.145039929,522.1437458
HopperHop,47,26,20.29892159,0.145039929,522.1437458
HopperHop,47,33,46.54161453,0.145039929,522.1437458
HopperHop,47,40,52.44782639,0.145039929,522.1437458
HopperHop,47,46,59.33309937,0.145039929,522.1437458
HopperHop,47,53,57.24744797,0.145039929,522.1437458
HopperHop,47,60,63.15002823,0.145039929,522.1437458
HopperStand,47,0,2.143434763,0.147053258,529.391729
HopperStand,47,6,3.966973782,0.147053258,529.391729
HopperStand,47,13,3.753268242,0.147053258,529.391729
HopperStand,47,20,3.028246403,0.147053258,529.391729
HopperStand,47,26,0.651088476,0.147053258,529.391729
HopperStand,47,33,0.49361378,0.147053258,529.391729
HopperStand,47,40,0.778673828,0.147053258,529.391729
HopperStand,47,46,0,0.147053258,529.391729
HopperStand,47,53,0,0.147053258,529.391729
HopperStand,47,60,0,0.147053258,529.391729
WalkerWalk,46,0,34.34837341,0.171199108,616.3167879
WalkerWalk,46,6,165.750824,0.171199108,616.3167879
WalkerWalk,46,13,532.5993652,0.171199108,616.3167879
WalkerWalk,46,20,909.1122437,0.171199108,616.3167879
WalkerWalk,46,26,948.4763184,0.171199108,616.3167879
WalkerWalk,46,33,933.730835,0.171199108,616.3167879
WalkerWalk,46,40,935.8685303,0.171199108,616.3167879
WalkerWalk,46,46,940.4755859,0.171199108,616.3167879
WalkerWalk,46,53,819.1738281,0.171199108,616.3167879
WalkerWalk,46,60,902.7024536,0.171199108,616.3167879
WalkerRun,46,0,23.83959579,0.171209266,616.353357
WalkerRun,46,6,55.37102509,0.171209266,616.353357
WalkerRun,46,13,144.5002747,0.171209266,616.353357
WalkerRun,46,20,307.0977783,0.171209266,616.353357
WalkerRun,46,26,370.4146729,0.171209266,616.353357
WalkerRun,46,33,453.8262939,0.171209266,616.353357
WalkerRun,46,40,548.7506714,0.171209266,616.353357
WalkerRun,46,46,598.7254639,0.171209266,616.353357
WalkerRun,46,53,612.5375366,0.171209266,616.353357
WalkerRun,46,60,622.4124756,0.171209266,616.353357
WalkerStand,46,0,133.4585876,0.169242745,609.2738818
WalkerStand,46,6,262.6949768,0.169242745,609.2738818
WalkerStand,46,13,509.5567627,0.169242745,609.2738818
WalkerStand,46,20,934.7543945,0.169242745,609.2738818
WalkerStand,46,26,952.8447266,0.169242745,609.2738818
WalkerStand,46,33,920.1259766,0.169242745,609.2738818
WalkerStand,46,40,940.3300781,0.169242745,609.2738818
WalkerStand,46,46,944.383728,0.169242745,609.2738818
WalkerStand,46,53,914.4246826,0.169242745,609.2738818
WalkerStand,46,60,827.4727783,0.169242745,609.2738818
AcrobotSwingupSparse,47,0,0.171875,0.048631762,175.0743424
AcrobotSwingupSparse,47,6,0.109375,0.048631762,175.0743424
AcrobotSwingupSparse,47,13,0.4140625,0.048631762,175.0743424
AcrobotSwingupSparse,47,20,0.2890625,0.048631762,175.0743424
AcrobotSwingupSparse,47,26,0.15625,0.048631762,175.0743424
AcrobotSwingupSparse,47,33,0,0.048631762,175.0743424
AcrobotSwingupSparse,47,40,0.1328125,0.048631762,175.0743424
AcrobotSwingupSparse,47,46,0.296875,0.048631762,175.0743424
AcrobotSwingupSparse,47,53,0.2265625,0.048631762,175.0743424
AcrobotSwingupSparse,47,60,0.4296875,0.048631762,175.0743424
PendulumSwingup,47,0,0.71875,0.046460631,167.2582702
PendulumSwingup,47,6,5.6953125,0.046460631,167.2582702
PendulumSwingup,47,13,5.2109375,0.046460631,167.2582702
PendulumSwingup,47,20,3.421875,0.046460631,167.2582702
PendulumSwingup,47,26,5.21875,0.046460631,167.2582702
PendulumSwingup,47,33,7.0625,0.046460631,167.2582702
PendulumSwingup,47,40,9.8671875,0.046460631,167.2582702
PendulumSwingup,47,46,6.203125,0.046460631,167.2582702
PendulumSwingup,47,53,185.921875,0.046460631,167.2582702
PendulumSwingup,47,60,526.0859375,0.046460631,167.2582702
FingerSpin,47,0,0.2265625,0.111134474,400.0841058
FingerSpin,47,6,41.0625,0.111134474,400.0841058
FingerSpin,47,13,341.9375,0.111134474,400.0841058
FingerSpin,47,20,497,0.111134474,400.0841058
FingerSpin,47,26,557.9453125,0.111134474,400.0841058
FingerSpin,47,33,585.1484375,0.111134474,400.0841058
FingerSpin,47,40,594.21875,0.111134474,400.0841058
FingerSpin,47,46,599.3125,0.111134474,400.0841058
FingerSpin,47,53,599.0546875,0.111134474,400.0841058
FingerSpin,47,60,432.4375,0.111134474,400.0841058
CartpoleSwingupSparse,47,0,0,0.0491902,177.0847205
CartpoleSwingupSparse,47,6,0,0.0491902,177.0847205
CartpoleSwingupSparse,47,13,11.8828125,0.0491902,177.0847205
CartpoleSwingupSparse,47,20,30.3828125,0.0491902,177.0847205
CartpoleSwingupSparse,47,26,2.234375,0.0491902,177.0847205
CartpoleSwingupSparse,47,33,2.6640625,0.0491902,177.0847205
CartpoleSwingupSparse,47,40,0.6484375,0.0491902,177.0847205
CartpoleSwingupSparse,47,46,0.7421875,0.0491902,177.0847205
CartpoleSwingupSparse,47,53,0.375,0.0491902,177.0847205
CartpoleSwingupSparse,47,60,0.6171875,0.0491902,177.0847205
AcrobotSwingup,47,0,2.608456612,0.046221669,166.3980085
AcrobotSwingup,47,6,2.731406689,0.046221669,166.3980085
AcrobotSwingup,47,13,4.79165411,0.046221669,166.3980085
AcrobotSwingup,47,20,7.209095001,0.046221669,166.3980085
AcrobotSwingup,47,26,10.40559959,0.046221669,166.3980085
AcrobotSwingup,47,33,7.134502888,0.046221669,166.3980085
AcrobotSwingup,47,40,19.05039787,0.046221669,166.3980085
AcrobotSwingup,47,46,31.75337219,0.046221669,166.3980085
AcrobotSwingup,47,53,32.43980408,0.046221669,166.3980085
AcrobotSwingup,47,60,32.358078,0.046221669,166.3980085
HopperStand,46,0,1.286818147,0.148915516,536.0958577
HopperStand,46,6,4.905726433,0.148915516,536.0958577
HopperStand,46,13,5.014890671,0.148915516,536.0958577
HopperStand,46,20,6.507329464,0.148915516,536.0958577
HopperStand,46,26,2.846165657,0.148915516,536.0958577
HopperStand,46,33,7.031343937,0.148915516,536.0958577
HopperStand,46,40,0,0.148915516,536.0958577
HopperStand,46,46,0,0.148915516,536.0958577
HopperStand,46,53,0,0.148915516,536.0958577
HopperStand,46,60,0,0.148915516,536.0958577
HopperHop,46,0,0.026426105,0.147823267,532.163762
HopperHop,46,6,0.055357397,0.147823267,532.163762
HopperHop,46,13,0.117264658,0.147823267,532.163762
HopperHop,46,20,0.08187364,0.147823267,532.163762
HopperHop,46,26,6.04485321,0.147823267,532.163762
HopperHop,46,33,32.3535881,0.147823267,532.163762
HopperHop,46,40,44.19130707,0.147823267,532.163762
HopperHop,46,46,47.6134758,0.147823267,532.163762
HopperHop,46,53,54.68444824,0.147823267,532.163762
HopperHop,46,60,51.48112869,0.147823267,532.163762
FishSwim,47,0,73.03852081,0.138427818,498.3401461
FishSwim,47,6,115.7974701,0.138427818,498.3401461
FishSwim,47,13,190.4172974,0.138427818,498.3401461
FishSwim,47,20,325.8154297,0.138427818,498.3401461
FishSwim,47,26,480.2484131,0.138427818,498.3401461
FishSwim,47,33,532.4249268,0.138427818,498.3401461
FishSwim,47,40,533.2294922,0.138427818,498.3401461
FishSwim,47,46,581.4453125,0.138427818,498.3401461
FishSwim,47,53,558.1779785,0.138427818,498.3401461
FishSwim,47,60,582.7813721,0.138427818,498.3401461
CheetahRun,47,0,3.525660753,0.090650912,326.3432828
CheetahRun,47,6,288.7446289,0.090650912,326.3432828
CheetahRun,47,13,678.9506836,0.090650912,326.3432828
CheetahRun,47,20,867.489502,0.090650912,326.3432828
CheetahRun,47,26,870.1176147,0.090650912,326.3432828
CheetahRun,47,33,898.2956543,0.090650912,326.3432828
CheetahRun,47,40,886.0079346,0.090650912,326.3432828
CheetahRun,47,46,842.6300659,0.090650912,326.3432828
CheetahRun,47,53,889.5471802,0.090650912,326.3432828
CheetahRun,47,60,874.0509033,0.090650912,326.3432828
WalkerStand,47,0,132.8939667,0.155077213,558.2779679
WalkerStand,47,6,368.8357239,0.155077213,558.2779679
WalkerStand,47,13,706.6268311,0.155077213,558.2779679
WalkerStand,47,20,956.067688,0.155077213,558.2779679
WalkerStand,47,26,957.6176758,0.155077213,558.2779679
WalkerStand,47,33,945.7565918,0.155077213,558.2779679
WalkerStand,47,40,948.2545166,0.155077213,558.2779679
WalkerStand,47,46,949.2354736,0.155077213,558.2779679
WalkerStand,47,53,675.2102661,0.155077213,558.2779679
WalkerRun,47,0,23.68740082,0.169743604,611.0769727
WalkerRun,47,6,65.13577271,0.169743604,611.0769727
WalkerRun,47,13,154.5632324,0.169743604,611.0769727
WalkerRun,47,20,295.0097046,0.169743604,611.0769727
WalkerRun,47,26,416.3150024,0.169743604,611.0769727
WalkerRun,47,33,538.0681152,0.169743604,611.0769727
WalkerRun,47,40,602.3447876,0.169743604,611.0769727
WalkerRun,47,46,612.7733154,0.169743604,611.0769727
WalkerRun,47,53,634.1932373,0.169743604,611.0769727
WalkerRun,47,60,607.0567627,0.169743604,611.0769727
WalkerWalk,47,0,32.91784286,0.168961316,608.2607373
WalkerWalk,47,6,210.8006592,0.168961316,608.2607373
WalkerWalk,47,13,532.3814697,0.168961316,608.2607373
WalkerWalk,47,20,905.8653564,0.168961316,608.2607373
WalkerWalk,47,26,954.9794312,0.168961316,608.2607373
WalkerWalk,47,33,940.9378662,0.168961316,608.2607373
WalkerWalk,47,40,831.0864258,0.168961316,608.2607373
WalkerWalk,47,46,928.9703369,0.168961316,608.2607373
WalkerWalk,47,53,895.6817627,0.168961316,608.2607373
WalkerWalk,47,60,900.3457642,0.168961316,608.2607373
AcrobotSwingup,48,0,2.280785084,0.045328086,163.1811079
AcrobotSwingup,48,6,1.991475701,0.045328086,163.1811079
AcrobotSwingup,48,13,6.580381393,0.045328086,163.1811079
AcrobotSwingup,48,20,5.465044022,0.045328086,163.1811079
AcrobotSwingup,48,26,13.37426186,0.045328086,163.1811079
AcrobotSwingup,48,33,13.84940434,0.045328086,163.1811079
AcrobotSwingup,48,40,9.264431,0.045328086,163.1811079
AcrobotSwingup,48,46,17.3954792,0.045328086,163.1811079
AcrobotSwingup,48,53,43.77732849,0.045328086,163.1811079
AcrobotSwingup,48,60,41.06936646,0.045328086,163.1811079
FingerSpin,48,0,0.203125,0.10924054,393.2659428
FingerSpin,48,6,83.8125,0.10924054,393.2659428
FingerSpin,48,13,384.71875,0.10924054,393.2659428
FingerSpin,48,20,518.625,0.10924054,393.2659428
FingerSpin,48,26,566.328125,0.10924054,393.2659428
FingerSpin,48,33,586.015625,0.10924054,393.2659428
FingerSpin,48,40,594.28125,0.10924054,393.2659428
FingerSpin,48,46,593.984375,0.10924054,393.2659428
FingerSpin,48,53,596.7109375,0.10924054,393.2659428
FingerSpin,48,60,602.515625,0.10924054,393.2659428
PendulumSwingup,48,0,0.953125,0.045578801,164.0836842
PendulumSwingup,48,6,0.8359375,0.045578801,164.0836842
PendulumSwingup,48,13,0.3125,0.045578801,164.0836842
PendulumSwingup,48,20,1.1171875,0.045578801,164.0836842
PendulumSwingup,48,26,1.4609375,0.045578801,164.0836842
PendulumSwingup,48,33,2.125,0.045578801,164.0836842
PendulumSwingup,48,40,1.3828125,0.045578801,164.0836842
PendulumSwingup,48,46,0.96875,0.045578801,164.0836842
PendulumSwingup,48,53,1.6484375,0.045578801,164.0836842
PendulumSwingup,48,60,1.3359375,0.045578801,164.0836842
CartpoleSwingupSparse,48,0,0,0.047807708,172.1077479
CartpoleSwingupSparse,48,6,0.2109375,0.047807708,172.1077479
CartpoleSwingupSparse,48,13,25.2265625,0.047807708,172.1077479
CartpoleSwingupSparse,48,20,34.015625,0.047807708,172.1077479
CartpoleSwingupSparse,48,26,28.484375,0.047807708,172.1077479
CartpoleSwingupSparse,48,33,234,0.047807708,172.1077479
CartpoleSwingupSparse,48,40,575.3515625,0.047807708,172.1077479
CartpoleSwingupSparse,48,46,551.78125,0.047807708,172.1077479
CartpoleSwingupSparse,48,53,0.5625,0.047807708,172.1077479
CartpoleSwingupSparse,48,60,0,0.047807708,172.1077479
AcrobotSwingupSparse,48,0,0,0.04780094,172.0833854
AcrobotSwingupSparse,48,6,0,0.04780094,172.0833854
AcrobotSwingupSparse,48,13,0.1171875,0.04780094,172.0833854
AcrobotSwingupSparse,48,20,0,0.04780094,172.0833854
AcrobotSwingupSparse,48,26,0,0.04780094,172.0833854
AcrobotSwingupSparse,48,33,0.1953125,0.04780094,172.0833854
AcrobotSwingupSparse,48,40,0.1640625,0.04780094,172.0833854
AcrobotSwingupSparse,48,46,0,0.04780094,172.0833854
AcrobotSwingupSparse,48,53,0.2890625,0.04780094,172.0833854
AcrobotSwingupSparse,48,60,0,0.04780094,172.0833854
CheetahRun,48,0,3.410366535,0.090584272,326.1033775
CheetahRun,48,6,231.5560303,0.090584272,326.1033775
CheetahRun,48,13,532.7736816,0.090584272,326.1033775
CheetahRun,48,20,721.2503052,0.090584272,326.1033775
CheetahRun,48,26,778.6917725,0.090584272,326.1033775
CheetahRun,48,33,798.6190186,0.090584272,326.1033775
CheetahRun,48,40,837.388916,0.090584272,326.1033775
CheetahRun,48,46,815.2601318,0.090584272,326.1033775
CheetahRun,48,53,859.395752,0.090584272,326.1033775
CheetahRun,48,60,872.0061035,0.090584272,326.1033775
FishSwim,48,0,70.40539551,0.137524854,495.0894754
FishSwim,48,6,117.7971878,0.137524854,495.0894754
FishSwim,48,13,215.9270782,0.137524854,495.0894754
FishSwim,48,20,420.4007263,0.137524854,495.0894754
FishSwim,48,26,504.6167908,0.137524854,495.0894754
FishSwim,48,33,565.7050781,0.137524854,495.0894754
FishSwim,48,40,615.9414673,0.137524854,495.0894754
FishSwim,48,46,662.1055908,0.137524854,495.0894754
FishSwim,48,53,620.3861694,0.137524854,495.0894754
FishSwim,48,60,629.7618408,0.137524854,495.0894754
HopperHop,48,0,0.039325759,0.146479055,527.3245982
HopperHop,48,6,0.582497001,0.146479055,527.3245982
HopperHop,48,13,1.066531658,0.146479055,527.3245982
HopperHop,48,20,1.120789289,0.146479055,527.3245982
HopperHop,48,26,0.636583686,0.146479055,527.3245982
HopperHop,48,33,0.920913458,0.146479055,527.3245982
HopperHop,48,40,0.511979938,0.146479055,527.3245982
HopperHop,48,46,0.400837004,0.146479055,527.3245982
HopperHop,48,53,0.080579087,0.146479055,527.3245982
HopperHop,48,60,0.019375032,0.146479055,527.3245982
HopperStand,48,0,1.907513142,0.145856242,525.0824717
HopperStand,48,6,7.568369865,0.145856242,525.0824717
HopperStand,48,13,45.85369492,0.145856242,525.0824717
HopperStand,48,20,212.6334076,0.145856242,525.0824717
HopperStand,48,26,275.6589661,0.145856242,525.0824717
HopperStand,48,33,426.9213257,0.145856242,525.0824717
HopperStand,48,40,424.7789917,0.145856242,525.0824717
HopperStand,48,46,431.361145,0.145856242,525.0824717
HopperStand,48,53,508.0188293,0.145856242,525.0824717
HopperStand,48,60,414.1199646,0.145856242,525.0824717
WalkerStand,48,0,136.4976807,0.167886159,604.3901712
WalkerStand,48,6,280.6488647,0.167886159,604.3901712
WalkerStand,48,13,805.4551392,0.167886159,604.3901712
WalkerStand,48,20,960.5894165,0.167886159,604.3901712
WalkerStand,48,26,956.4987793,0.167886159,604.3901712
WalkerStand,48,33,912.8883057,0.167886159,604.3901712
WalkerStand,48,40,924.4342651,0.167886159,604.3901712
WalkerStand,48,46,929.2797852,0.167886159,604.3901712
WalkerStand,48,53,164.9164124,0.167886159,604.3901712
WalkerStand,48,60,208.8892517,0.167886159,604.3901712
WalkerRun,48,0,24.25083923,0.16841325,606.2876989
WalkerRun,48,6,59.76563263,0.16841325,606.2876989
WalkerRun,48,13,158.8742981,0.16841325,606.2876989
WalkerRun,48,20,338.4704895,0.16841325,606.2876989
WalkerRun,48,26,479.0112305,0.16841325,606.2876989
WalkerRun,48,33,580.2663574,0.16841325,606.2876989
WalkerRun,48,40,614.4454346,0.16841325,606.2876989
WalkerRun,48,46,635.6435547,0.16841325,606.2876989
WalkerRun,48,53,658.9592896,0.16841325,606.2876989
WalkerRun,48,60,622.7370605,0.16841325,606.2876989
WalkerWalk,48,0,35.06227493,0.169252188,609.3078756
WalkerWalk,48,6,179.9596558,0.169252188,609.3078756
WalkerWalk,48,13,508.8552246,0.169252188,609.3078756
WalkerWalk,48,20,838.0923462,0.169252188,609.3078756
WalkerWalk,48,26,947.9866943,0.169252188,609.3078756
WalkerWalk,48,33,939.0299683,0.169252188,609.3078756
WalkerWalk,48,40,933.0792236,0.169252188,609.3078756
WalkerWalk,48,46,925.348877,0.169252188,609.3078756
WalkerWalk,48,53,921.7768555,0.169252188,609.3078756
WalkerWalk,48,60,848.579834,0.169252188,609.3078756
FingerSpin,49,0,0.1953125,0.110371248,397.3364939
FingerSpin,49,6,52.03125,0.110371248,397.3364939
FingerSpin,49,13,351.3359375,0.110371248,397.3364939
FingerSpin,49,20,498.234375,0.110371248,397.3364939
FingerSpin,49,26,559.6328125,0.110371248,397.3364939
FingerSpin,49,33,588.921875,0.110371248,397.3364939
FingerSpin,49,40,596.1015625,0.110371248,397.3364939
FingerSpin,49,46,603.0625,0.110371248,397.3364939
FingerSpin,49,53,610.8359375,0.110371248,397.3364939
FingerSpin,49,60,347.9296875,0.110371248,397.3364939
AcrobotSwingup,49,0,2.434935808,0.045303622,163.0930394
AcrobotSwingup,49,6,2.43244648,0.045303622,163.0930394
AcrobotSwingup,49,13,5.182395458,0.045303622,163.0930394
AcrobotSwingup,49,20,4.98568821,0.045303622,163.0930394
AcrobotSwingup,49,26,9.015241623,0.045303622,163.0930394
AcrobotSwingup,49,33,15.72570133,0.045303622,163.0930394
AcrobotSwingup,49,40,11.10634041,0.045303622,163.0930394
AcrobotSwingup,49,46,14.12000275,0.045303622,163.0930394
AcrobotSwingup,49,53,22.95614624,0.045303622,163.0930394
AcrobotSwingup,49,60,27.00379562,0.045303622,163.0930394
PendulumSwingup,49,0,0.25,0.045298882,163.0759741
PendulumSwingup,49,6,1.359375,0.045298882,163.0759741
PendulumSwingup,49,13,1.4921875,0.045298882,163.0759741
PendulumSwingup,49,20,4.65625,0.045298882,163.0759741
PendulumSwingup,49,26,6.25,0.045298882,163.0759741
PendulumSwingup,49,33,6.8359375,0.045298882,163.0759741
PendulumSwingup,49,40,6.6484375,0.045298882,163.0759741
PendulumSwingup,49,46,7.3125,0.045298882,163.0759741
PendulumSwingup,49,53,39.765625,0.045298882,163.0759741
PendulumSwingup,49,60,47.9296875,0.045298882,163.0759741
CartpoleSwingupSparse,49,0,0,0.047838339,172.2180189
CartpoleSwingupSparse,49,6,0.3828125,0.047838339,172.2180189
CartpoleSwingupSparse,49,13,29.0390625,0.047838339,172.2180189
CartpoleSwingupSparse,49,20,32.046875,0.047838339,172.2180189
CartpoleSwingupSparse,49,26,4.9609375,0.047838339,172.2180189
CartpoleSwingupSparse,49,33,0,0.047838339,172.2180189
CartpoleSwingupSparse,49,40,0,0.047838339,172.2180189
CartpoleSwingupSparse,49,46,0,0.047838339,172.2180189
CartpoleSwingupSparse,49,53,0,0.047838339,172.2180189
CartpoleSwingupSparse,49,60,0,0.047838339,172.2180189
AcrobotSwingupSparse,49,0,0.125,0.047522124,171.079648
AcrobotSwingupSparse,49,6,0.046875,0.047522124,171.079648
AcrobotSwingupSparse,49,13,0.28125,0.047522124,171.079648
AcrobotSwingupSparse,49,20,0.1015625,0.047522124,171.079648
AcrobotSwingupSparse,49,26,0,0.047522124,171.079648
AcrobotSwingupSparse,49,33,0,0.047522124,171.079648
AcrobotSwingupSparse,49,40,0.28125,0.047522124,171.079648
AcrobotSwingupSparse,49,46,0.0859375,0.047522124,171.079648
AcrobotSwingupSparse,49,53,0,0.047522124,171.079648
AcrobotSwingupSparse,49,60,0.1875,0.047522124,171.079648
FishSwim,49,0,69.63340759,0.137859729,496.2950227
FishSwim,49,6,111.1018677,0.137859729,496.2950227
FishSwim,49,13,215.1349487,0.137859729,496.2950227
FishSwim,49,20,385.7779846,0.137859729,496.2950227
FishSwim,49,26,479.4098511,0.137859729,496.2950227
FishSwim,49,33,573.5603638,0.137859729,496.2950227
FishSwim,49,40,606.5620117,0.137859729,496.2950227
FishSwim,49,46,619.223877,0.137859729,496.2950227
FishSwim,49,53,598.0025635,0.137859729,496.2950227
FishSwim,49,60,560.4700317,0.137859729,496.2950227
HopperHop,49,0,0.059510075,0.147029257,529.3053265
HopperHop,49,6,0.017546257,0.147029257,529.3053265
HopperHop,49,13,0.010104535,0.147029257,529.3053265
HopperHop,49,20,0.002699103,0.147029257,529.3053265
HopperHop,49,26,0.005065524,0.147029257,529.3053265
HopperHop,49,33,0.006539707,0.147029257,529.3053265
HopperHop,49,40,0.004595429,0.147029257,529.3053265
HopperHop,49,46,0.459050357,0.147029257,529.3053265
HopperHop,49,53,0.00320625,0.147029257,529.3053265
HopperHop,49,60,0.639067054,0.147029257,529.3053265
HopperStand,49,0,1.901213408,0.146191871,526.2907356
HopperStand,49,6,1.943358183,0.146191871,526.2907356
HopperStand,49,13,7.230704308,0.146191871,526.2907356
HopperStand,49,20,3.994796515,0.146191871,526.2907356
HopperStand,49,26,5.708335876,0.146191871,526.2907356
HopperStand,49,33,29.91612816,0.146191871,526.2907356
HopperStand,49,40,68.3644104,0.146191871,526.2907356
HopperStand,49,46,96.92906189,0.146191871,526.2907356
HopperStand,49,53,147.7403717,0.146191871,526.2907356
HopperStand,49,60,176.5574493,0.146191871,526.2907356
CheetahRun,49,0,3.475638866,0.092113154,331.6073557
CheetahRun,49,6,291.2184143,0.092113154,331.6073557
CheetahRun,49,13,587.583374,0.092113154,331.6073557
CheetahRun,49,20,729.0384521,0.092113154,331.6073557
CheetahRun,49,26,785.4750977,0.092113154,331.6073557
CheetahRun,49,33,859.397583,0.092113154,331.6073557
CheetahRun,49,40,878.9160767,0.092113154,331.6073557
CheetahRun,49,46,885.923584,0.092113154,331.6073557
CheetahRun,49,53,890.8564453,0.092113154,331.6073557
CheetahRun,49,60,888.7767944,0.092113154,331.6073557
WalkerStand,49,0,134.5121155,0.166752216,600.3079761
WalkerStand,49,6,261.3231201,0.166752216,600.3079761
WalkerStand,49,13,448.0890503,0.166752216,600.3079761
WalkerStand,49,20,635.5582275,0.166752216,600.3079761
WalkerStand,49,26,851.585083,0.166752216,600.3079761
WalkerStand,49,33,937.4602051,0.166752216,600.3079761
WalkerStand,49,40,932.8519287,0.166752216,600.3079761
WalkerStand,49,46,947.7120972,0.166752216,600.3079761
WalkerStand,49,53,922.9516602,0.166752216,600.3079761
WalkerStand,49,60,772.6293945,0.166752216,600.3079761
WalkerRun,49,0,23.69425774,0.167023331,601.2839902
WalkerRun,49,6,58.68336487,0.167023331,601.2839902
WalkerRun,49,13,102.5583344,0.167023331,601.2839902
WalkerRun,49,20,244.1212769,0.167023331,601.2839902
WalkerRun,49,26,357.1480103,0.167023331,601.2839902
WalkerRun,49,33,477.8328857,0.167023331,601.2839902
WalkerRun,49,40,522.1495361,0.167023331,601.2839902
WalkerRun,49,46,543.1982422,0.167023331,601.2839902
WalkerRun,49,53,530.3034668,0.167023331,601.2839902
WalkerRun,49,60,536.197998,0.167023331,601.2839902
WalkerWalk,49,0,33.691082,0.167032341,601.3164283
WalkerWalk,49,6,195.9550171,0.167032341,601.3164283
WalkerWalk,49,13,501.7907715,0.167032341,601.3164283
WalkerWalk,49,20,640.8084717,0.167032341,601.3164283
WalkerWalk,49,26,715.5506592,0.167032341,601.3164283
WalkerWalk,49,33,724.4060059,0.167032341,601.3164283
WalkerWalk,49,40,730.1488037,0.167032341,601.3164283
WalkerWalk,49,46,741.4812012,0.167032341,601.3164283
WalkerWalk,49,53,579.4761353,0.167032341,601.3164283
WalkerWalk,49,60,691.5690918,0.167032341,601.3164283
